url,emails
https://www.grainmillers.com/grain-products/,NULL
http://neprairiegrain.com/,NULL
https://healthyoilseeds.com/,3529info@healthyoilseeds.com
http://psinternational.net,NULL
https://www.zayma.com.mx/agroproductos/,ventas@zayma.com
https://johnsonseeds.com/,info@johnsonseeds.com
https://www.viterra.ca/en,NULL
https://www.tafoods.ca/bulk-processing,NULL
https://www.scoular.com/food-ingredient-products/flours/steamed-chickpea-flour/?gclid=Cj0KCQiA3rKQBhCNARIsACUEW_YCbnKE_T11iLHUMOX363HjVMjoB_kYlmv3poZN0Np7h2ptNlGowgAaAjRiEALw_wcB,NULL
https://www.makspm.com/products,NULL
https://www.alliancezone.ca/products/lentils-peas-and-beans/,NULL
https://www.stolmina.eu/en/,NULL
http://www.cbconstantini.com,NULL
http://www.agtfoods.com,NULL
https://www.buvite.com/our-products.php,info@buvite.com
http://www.dspdirect.ca,NULL
https://www.agricom.com/,Canadaerin@agricom.com; 6922info@agricom.com
https://bescograin.ca/,NULL
https://adroitoverseas.com/,NULL
http://www.agrocorp.ca/cgi-sys/defaultwebpage.cgi,NULL
https://exportpackers.com/,NULL
http://www.gltraders.com,NULL
http://www.google.com,NULL
https://www.avenafoods.com/,NULL
https://www.allcommodities.ca/,NULL
https://www.broadgrain.com/,broadgrain@broadgrain.com
http://www.jkmilling.ca,NULL
https://delmarcommodities.com/,NULL
https://www.etgworld.com/,NULL
https://ceresglobalagcorp.com/,NULL
https://www.chsinc.com/,NULL
https://www.canadiangraininc.com/,NULL
http://www.mingintl.com,NULL
https://www.lineargrain.com/,NULL
https://www.cargill.ca/en/home,NULL
https://www.grainex.net/,NULL
http://www.greatwesternrail.com/great_western_railway.html,NULL
https://www.gavilon.com/,NULL
https://www.johnsonseeds.com/,info@johnsonseeds.com
https://dan.com/buy-domain/globeways.com?redirected=true&tld=com,NULL
https://commodious.ca/,NULL
http://www.jglgrain.com/cgi-sys/defaultwebpage.cgi,webmaster@jglgrain.com
http://www.providencegrain.ca,NULL
https://fieldfarms.ca/,NULL
https://www.maviga.com/,NULL
https://www.northwestterminal.com,info@northwestterminal.com
http://www.seed-ex.com,NULL
http://www.shafercommodities.com,NULL
https://marketplacecommodities.com/,NULL
http://www.southlandpulse.com,NULL
https://www.patersonglobalfoods.com/,NULL
https://www.scoular.com/,NULL
https://www.rayglen.com/,NULL
http://seaboardspecialcrops.com/,NULL
https://marinacommodities.com/,info@marinacommodities.com
http://www.vanderveencommodities.com/,NULL
https://www.richardson.ca/,NULL
https://www.sunrisefoods.com/,info@sunrisefoods.com
https://simpsonseeds.com/,ssi@simpsonseeds.com
https://www.section12foods.com/,info@section12foods.com
https://www.g3.ca/,NULL
https://parrishandheimbecker.com/,NULL
https://primeseeds.com/,NULL
https://otfarms.com/,NULL
https://uscommodities-ag.com/,NULL
https://albertapulse.com/dealer/northern-grain-ltd/,NULL
https://www.stonehengeorganics.com/,NULL
https://meritfoods.com/,info@meritfoods.com
https://swt.ca/,NULL
https://naturalspecialty.net/,NULL
https://www.viterra.com/,NULL
https://bellepulses.ca/,NULL
https://www.adm.com/,NULL
https://www.google.ca/search?q=BORNHORST+SEEDS+LTD&sxsrf=APq-WBvGgkCl5m6wV5_obx4jBwb_dVfkOg%3A1645212723425&source=hp&ei=M_QPYsmDFparptQP7vSosAY&iflsig=AHkkrS4AAAAAYhACQ0qq3p9xxULAp1w-D-_o8esP9IsB&ved=0ahUKEwiJ6dL__on2AhWWlYkEHW46CmYQ4dUDCAk&uact=5&oq=BORNHORST+SEEDS+LTD&gs_lcp=Cgdnd3Mtd2l6EAMyCwguEIAEEMcBEK8BMgYIABAWEB5QAFgAYNMBaABwAHgAgAGMAYgBjAGSAQMwLjGYAQCgAQKgAQE&sclient=gws-wiz,NULL
https://www.victoriapulse.ca/,NULL
https://www.yourgrain.ca/,NULL
https://www.graincorp.com.au/,NULL
https://www.wilburellis.com/,NULL
https://www.zeghersseed.com/,NULL
https://theredwoodgroup.com/,NULL
https://www.google.ca/search?q=CHAPLIN+GRAIN+CORP&sxsrf=APq-WBs_xW0XCDpdODFuZtaWcgWkJipShA%3A1645212817027&ei=kfQPYvWbAeqnptQPyY-1kAo&ved=0ahUKEwi1qKes_4n2AhXqk4kEHclHDaIQ4dUDCA4&uact=5&oq=CHAPLIN+GRAIN+CORP&gs_lcp=Cgdnd3Mtd2l6EAMyCwguEIAEEMcBEK8BSgQIQRgASgQIRhgAUABYAGCAAWgAcAB4AIABb4gBb5IBAzAuMZgBAKABAqABAcABAQ&sclient=gws-wiz,NULL
http://veikleagro.com/,carl@veikleagro.com
https://www.google.ca/search?q=GREENFIELDS+AGRICULTURE+CORPORATION&sxsrf=APq-WBvYZh2yAMpPdV-Zzg4wf1Qb4kuS2w%3A1645213077934&source=hp&ei=lfUPYvaHNbCfptQP7MSFwAs&iflsig=AHkkrS4AAAAAYhADpaEk1NVdPIixgLdvqMIHnWuHtyJY&ved=0ahUKEwi2ptiogIr2AhWwj4kEHWxiAbgQ4dUDCAk&uact=5&oq=GREENFIELDS+AGRICULTURE+CORPORATION&gs_lcp=Cgdnd3Mtd2l6EAMyBQgAEIAEMgYIABAWEB5QAFgAYMkBaABwAHgAgAFtiAFtkgEDMC4xmAEAoAECoAEB&sclient=gws-wiz,NULL
https://xptgrain.ca/en/,NULL
